Title;Authors;Rejection;Rejection Reason;analyze/generate;Year;Source title;Volume;Issue;Art. No.;Page start;Page end;Page count;Cited by;DOI;Link;Language of Original Document;Document Type;Publication Stage;Open Access;Source;EID
TRUSTEE's Framework for DPIAs: Safeguarding personal information in the Digital Era;"Grammatopoulos A.; Stylianou I.; Barud K.; Saillant C.; Politis I.";YES;Architectural Level;;2023;IEEE International Workshop on Computer Aided Modeling and Design of Communication Links and Networks, CAMAD;;;;43;48;5;0;10.1109/CAMAD59638.2023.10478415;https://www.scopus.com/inward/record.uri?eid=2-s2.0-85190553321&doi=10.1109%2fCAMAD59638.2023.10478415&partnerID=40&md5=1959c739926d3834557c36154cce4395;English;Conference paper;Final;;Scopus;2-s2.0-85190553321
Prototyping an End-User User Interface for the Solid Application Interoperability Specification Under GDPR;"Bailly H.; Papanna A.; Brennan R.";YES;no source code analysis/generation;;2023;Lecture Notes in Computer Science (including subseries Lecture Notes in Artificial Intelligence and Lecture Notes in Bioinformatics);13870 LNCS;;;557;573;16;1;10.1007/978-3-031-33455-9_33;https://www.scopus.com/inward/record.uri?eid=2-s2.0-85163350664&doi=10.1007%2f978-3-031-33455-9_33&partnerID=40&md5=35f83d69faeba64790d7d04281d8216f;English;Conference paper;Final;;Scopus;2-s2.0-85163350664
Identifying Personal Data Processing for Code Review;"Tang F.; Østvold B.M.; Bruntink M.";YES;other work extends this one;;2023;International Conference on Information Systems Security and Privacy;;;;568;575;7;1;10.5220/0011725700003405;https://www.scopus.com/inward/record.uri?eid=2-s2.0-85175399218&doi=10.5220%2f0011725700003405&partnerID=40&md5=016f628d5230ee18b8d03c3411603fb9;English;Conference paper;Final;"All Open Access; Green Open Access; Hybrid Gold Open Access";Scopus;2-s2.0-85175399218
RuleKeeper: GDPR-Aware Personal Data Compliance for Web Frameworks;"Ferreira M.; Brito T.; Santos J.F.; Santos N.";;;analyze;2023;Proceedings - IEEE Symposium on Security and Privacy;2023-May;;;2817;2834;17;2;10.1109/SP46215.2023.10179395;https://www.scopus.com/inward/record.uri?eid=2-s2.0-85166484159&doi=10.1109%2fSP46215.2023.10179395&partnerID=40&md5=28ed67518f5586ef2b64d10deac7bf6a;English;Conference paper;Final;;Scopus;2-s2.0-85166484159
AI/ML Based Sensitive Data Discovery and Classification of Unstructured Data Sources;"Ponde S.; Kulkarni A.; Agarwal R.";YES;Architectural Level;;2023;Lecture Notes of the Institute for Computer Sciences, Social-Informatics and Telecommunications Engineering, LNICST;471 LNICST;;;367;377;10;0;10.1007/978-3-031-35081-8_31;https://www.scopus.com/inward/record.uri?eid=2-s2.0-85169672571&doi=10.1007%2f978-3-031-35081-8_31&partnerID=40&md5=f7ee4a8d637a23e2f312e24adc18769a;English;Conference paper;Final;;Scopus;2-s2.0-85169672571
Helping Code Reviewer Prioritize: Pinpointing Personal Data and Its Processing;"Tang F.; Østvold B.M.; Bruntink M.";;;analyze;2023;Frontiers in Artificial Intelligence and Applications;371;;;109;124;15;0;10.3233/FAIA230228;https://www.scopus.com/inward/record.uri?eid=2-s2.0-85175398099&doi=10.3233%2fFAIA230228&partnerID=40&md5=055dec45129f1e3d9f0deaa810cdeb78;English;Conference paper;Final;"All Open Access; Green Open Access";Scopus;2-s2.0-85175398099
Static Analysis for Android GDPR Compliance Assurance;Khedkar M.;YES;work in progress;;2023;Proceedings - International Conference on Software Engineering;;;;197;199;2;0;10.1109/ICSE-Companion58688.2023.00054;https://www.scopus.com/inward/record.uri?eid=2-s2.0-85171866002&doi=10.1109%2fICSE-Companion58688.2023.00054&partnerID=40&md5=90d03b45cab19f8db296be8cba6d4a06;English;Conference paper;Final;"All Open Access; Green Open Access";Scopus;2-s2.0-85171866002
Extracting LPL privacy policy purposes from annotated web service source code;"Hjerppe K.; Ruohonen J.; Leppänen V.";;;analyze;2023;Software and Systems Modeling;22;1;;331;349;18;1;10.1007/s10270-022-00998-y;https://www.scopus.com/inward/record.uri?eid=2-s2.0-85127659177&doi=10.1007%2fs10270-022-00998-y&partnerID=40&md5=e1bf3cca4ff1f69b8c96bafc38abfe65;English;Article;Final;"All Open Access; Hybrid Gold Open Access";Scopus;2-s2.0-85127659177
Threat Detection and Response Using AI and NLP in Cybersecurity;Ismail W.S.;YES;focuses on security;;2024;Journal of Internet Services and Information Security;14;1;;195;205;10;1;10.58346/JISIS.2024.I1.013;https://www.scopus.com/inward/record.uri?eid=2-s2.0-85186577936&doi=10.58346%2fJISIS.2024.I1.013&partnerID=40&md5=a4b690dd7d0d72daaf5ff73d061abed9;English;Article;Final;"All Open Access; Gold Open Access";Scopus;2-s2.0-85186577936
NLP-Based Automated Compliance Checking of Data Processing Agreements Against GDPR;"Cejas O.A.; Azeem M.I.; Abualhaija S.; Briand L.C.";YES;no source code analysis/generation;;2023;IEEE Transactions on Software Engineering;49;9;;4282;4303;21;3;10.1109/TSE.2023.3288901;https://www.scopus.com/inward/record.uri?eid=2-s2.0-85163483850&doi=10.1109%2fTSE.2023.3288901&partnerID=40&md5=c57f8f0fc231804f948e1f8b03dd2296;English;Article;Final;"All Open Access; Green Open Access; Hybrid Gold Open Access";Scopus;2-s2.0-85163483850
AI privacy toolkit;"Goldsteen A.; Saadi O.; Shmelkin R.; Shachor S.; Razinkov N.";;;both;2023;SoftwareX;22;;101352;;;;1;10.1016/j.softx.2023.101352;https://www.scopus.com/inward/record.uri?eid=2-s2.0-85150159388&doi=10.1016%2fj.softx.2023.101352&partnerID=40&md5=4f8d822019803fe978a3601924f7c78e;English;Article;Final;;Scopus;2-s2.0-85150159388
Demonstration of the DPMF for Data Protection Analysis;"Sion L.; Van Landuyt D.; Dewitte P.; Valcke P.; Joosen W.";YES;no source code analysis/generation;;2023;Proceedings - 2023 ACM/IEEE International Conference on Model Driven Engineering Languages and Systems Companion, MODELS-C 2023;;;;75;79;4;0;10.1109/MODELS-C59198.2023.00023;https://www.scopus.com/inward/record.uri?eid=2-s2.0-85182401789&doi=10.1109%2fMODELS-C59198.2023.00023&partnerID=40&md5=8a2bc896877722f36ecd777063be4122;English;Conference paper;Final;;Scopus;2-s2.0-85182401789
Poster: A Systems Approach to GDPR Compliance-by-Design in Web Development Stacks;"Ferreira M.; Brito T.; Santos J.F.; Santos N.";YES;poster;;2022;Proceedings of the ACM Conference on Computer and Communications Security;;;;3347;3349;2;0;10.1145/3548606.3563521;https://www.scopus.com/inward/record.uri?eid=2-s2.0-85143049181&doi=10.1145%2f3548606.3563521&partnerID=40&md5=2249d9fb981bf6244422d8494defc85e;English;Conference paper;Final;;Scopus;2-s2.0-85143049181
A Comparative Study of AI Algorithms for Anomaly-based Intrusion Detection;"Gandi V.P.; Jatla N.S.L.; Sadhineni G.; Geddamuri S.; Chaitanya G.K.; Velmurugan A.K.";YES;no source code analysis/generation;;2023;Proceedings - 7th International Conference on Computing Methodologies and Communication, ICCMC 2023;;;;530;534;4;0;10.1109/ICCMC56507.2023.10084186;https://www.scopus.com/inward/record.uri?eid=2-s2.0-85153582593&doi=10.1109%2fICCMC56507.2023.10084186&partnerID=40&md5=cd9f21b654c8ab2941b0da9362a53a42;English;Conference paper;Final;;Scopus;2-s2.0-85153582593
PARROT: Interactive Privacy-Aware Internet of Things Application Design Tool;"Alhirabi N.; Beaumont S.; Llanos J.T.; Meedeniya D.; Rana O.; Perera C.";YES;no source code analysis/generation;;2023;Proceedings of the ACM on Interactive, Mobile, Wearable and Ubiquitous Technologies;7;1;1;;;;0;10.1145/3580880;https://www.scopus.com/inward/record.uri?eid=2-s2.0-85152481568&doi=10.1145%2f3580880&partnerID=40&md5=c1d2fdf9f67322bbf46f9f1ac61d390f;English;Article;Final;"All Open Access; Bronze Open Access; Green Open Access";Scopus;2-s2.0-85152481568
GDPR-Aware Revocable P2P File-Sharing System Over Consortium Blockchain;"Yeh L.-Y.; Shen C.-Y.; Huang W.-C.; Hsu W.-H.; Wu H.-C.";YES;no source code analysis/generation;;2022;IEEE Systems Journal;16;4;;5234;5245;11;4;10.1109/JSYST.2021.3139319;https://www.scopus.com/inward/record.uri?eid=2-s2.0-85123374832&doi=10.1109%2fJSYST.2021.3139319&partnerID=40&md5=724005ebb678ef5a0b64542740930b68;English;Article;Final;;Scopus;2-s2.0-85123374832
DPO Framework for Canvas GDPR Model;"Magalhães M.; Pereira T.C.; Costa E.; Pinto A.S.; Braga J.L.; Borges I.";YES;Architectural Level;;2023;Smart Innovation, Systems and Technologies;340;;;93;109;16;0;10.1007/978-981-19-9960-4_10;https://www.scopus.com/inward/record.uri?eid=2-s2.0-85164946772&doi=10.1007%2f978-981-19-9960-4_10&partnerID=40&md5=1e5bc14fe0a0b37d06c7e953761bbe90;English;Conference paper;Final;;Scopus;2-s2.0-85164946772
HEIDA: Software Examples for Rapid Introduction of Homomorphic Encryption for Privacy Preservation of Health Data;"Brännvall R.; Forsgren H.; Linge H.";YES;no source code analysis/generation;;2023;Studies in Health Technology and Informatics;302;;;267;271;4;0;10.3233/SHTI230116;https://www.scopus.com/inward/record.uri?eid=2-s2.0-85159768596&doi=10.3233%2fSHTI230116&partnerID=40&md5=34b1fdab04553c2be020ab1422b8e71a;English;Conference paper;Final;"All Open Access; Hybrid Gold Open Access";Scopus;2-s2.0-85159768596
PrivacyAsst: Safeguarding User Privacy in Tool-Using Large Language Model Agents;"Zhang X.; Xu H.; Ba Z.; Wang Z.; Hong Y.; Liu J.; Qin Z.; Ren K.";YES;no source code analysis/generation;;2024;IEEE Transactions on Dependable and Secure Computing;;;;1;16;15;0;10.1109/TDSC.2024.3372777;https://www.scopus.com/inward/record.uri?eid=2-s2.0-85187347404&doi=10.1109%2fTDSC.2024.3372777&partnerID=40&md5=62a0710b5bf24e25320c10bffc3f2aee;English;Article;Article in press;;Scopus;2-s2.0-85187347404
Tool-supported method for privacy analysis of a business process model;"Bakhtina M.; Matulevičius R.; Seeba M.";YES;Architectural Level;;2023;Journal of Information Security and Applications;76;;103525;;;;0;10.1016/j.jisa.2023.103525;https://www.scopus.com/inward/record.uri?eid=2-s2.0-85162161516&doi=10.1016%2fj.jisa.2023.103525&partnerID=40&md5=2ced3a2128b78d763eceb6572e0e6ab5;English;Article;Final;;Scopus;2-s2.0-85162161516
Implementing and evaluating a GDPR-compliant open-source SIEM solution;"Vazão A.P.; Santos L.; Costa R.L.D.C.; Rabadão C.";YES;no source code analysis/generation;;2023;Journal of Information Security and Applications;75;;103509;;;;3;10.1016/j.jisa.2023.103509;https://www.scopus.com/inward/record.uri?eid=2-s2.0-85159313805&doi=10.1016%2fj.jisa.2023.103509&partnerID=40&md5=deee23ab296e64a7b6251cfcaeb0cdc2;English;Article;Final;"All Open Access; Hybrid Gold Open Access";Scopus;2-s2.0-85159313805
Privacy and Security Documents for Agile Software Engineering: An Experiment of LGPD Inventory Adoption;"Saraiva J.; Soares S.";YES;no source code analysis/generation;;2023;International Symposium on Empirical Software Engineering and Measurement;;;;;;;0;10.1109/ESEM56168.2023.10304806;https://www.scopus.com/inward/record.uri?eid=2-s2.0-85178663753&doi=10.1109%2fESEM56168.2023.10304806&partnerID=40&md5=e0c3f3fb112dfea81852d74a5c68a9b0;English;Conference paper;Final;;Scopus;2-s2.0-85178663753
GDPRValidator: a tool to enable companies using cloud services to be GDPR compliant;"Cambronero M.E.; Martínez M.A.; de la Vara J.L.; Cebrián D.; Valero V.";YES;checklist;;2022;PeerJ Computer Science;8;;e1171;;;;3;10.7717/PEERJ-CS.1171;https://www.scopus.com/inward/record.uri?eid=2-s2.0-85147797472&doi=10.7717%2fPEERJ-CS.1171&partnerID=40&md5=4df8004f2d8d01f58d245e41dbb238d0;English;Article;Final;"All Open Access; Gold Open Access; Green Open Access";Scopus;2-s2.0-85147797472
Data Protection by Design Tool for Automated GDPR Compliance Verification Based on Semantically Modeled Informed Consent;"Chhetri T.R.; Kurteva A.; Delong R.J.; Hilscher R.; Korte K.; Fensel A.";YES;no source code analysis/generation;;2022;Sensors;22;7;2763;;;;18;10.3390/s22072763;https://www.scopus.com/inward/record.uri?eid=2-s2.0-85127382516&doi=10.3390%2fs22072763&partnerID=40&md5=c5ecd76f9c18f400318cfa6b14fab5a7;English;Article;Final;"All Open Access; Gold Open Access";Scopus;2-s2.0-85127382516
Static checking of GDPR-related privacy compliance for object-oriented distributed systems;"Tokas S.; Owe O.; Ramezanifarkhani T.";YES;no source code analysis/generation;;2022;Journal of Logical and Algebraic Methods in Programming;125;;100733;;;;7;10.1016/j.jlamp.2021.100733;https://www.scopus.com/inward/record.uri?eid=2-s2.0-85125742636&doi=10.1016%2fj.jlamp.2021.100733&partnerID=40&md5=ac6df086d7e1ddd32e6b8f1a98c88549;English;Article;Final;"All Open Access; Hybrid Gold Open Access";Scopus;2-s2.0-85125742636
A GDPR International Transfer Compliance Framework Based on an Extended Data Privacy Vocabulary (DPV);"Hickey D.; Brennan R.";YES;no source code analysis/generation;;2021;Frontiers in Artificial Intelligence and Applications;346;;;161;170;9;2;10.3233/FAIA210332;https://www.scopus.com/inward/record.uri?eid=2-s2.0-85122070982&doi=10.3233%2fFAIA210332&partnerID=40&md5=97787970dc60f0c87a1c1e47e91a029b;English;Conference paper;Final;"All Open Access; Green Open Access; Hybrid Gold Open Access";Scopus;2-s2.0-85122070982
PADRES: Tool for PrivAcy, Data REgulation and Security;"Pereira F.; Crocker P.; Leithardt V.R.Q.";YES;no source code analysis/generation;;2022;SoftwareX;17;;100895;;;;32;10.1016/j.softx.2021.100895;https://www.scopus.com/inward/record.uri?eid=2-s2.0-85120909619&doi=10.1016%2fj.softx.2021.100895&partnerID=40&md5=ea3e1b0c8175e8a82d13e7771c96f62b;English;Article;Final;"All Open Access; Gold Open Access; Green Open Access";Scopus;2-s2.0-85120909619
ConfIs: A Tool for Privacy and Security Analysis and Conflict Resolution for Supporting GDPR Compliance through Privacy-by-Design;"Alkubaisy D.; Piras L.; Al-Obeidallah M.G.; Cox K.; Mouratidis H.";YES;no source code analysis/generation;;2021;International Conference on Evaluation of Novel Approaches to Software Engineering, ENASE - Proceedings;2021-April;;;80;91;11;4;;https://www.scopus.com/inward/record.uri?eid=2-s2.0-85125219178&partnerID=40&md5=f645d8282e248c60998321b951d67555;English;Conference paper;Final;;Scopus;2-s2.0-85125219178
TIRA: An OpenAPI Extension and Toolbox for GDPR Transparency in RESTful Architectures;"Grunewald E.; Wille P.; Pallas F.; Borges M.C.; Ulbricht M.-R.";;;analyze;2021;Proceedings - 2021 IEEE European Symposium on Security and Privacy Workshops, Euro S and PW 2021;;;;312;319;7;9;10.1109/EuroSPW54576.2021.00039;https://www.scopus.com/inward/record.uri?eid=2-s2.0-85118980891&doi=10.1109%2fEuroSPW54576.2021.00039&partnerID=40&md5=5db66a484fe4445681ac5ceb30487688;English;Conference paper;Final;"All Open Access; Green Open Access";Scopus;2-s2.0-85118980891
Have you been properly notified? automatic compliance analysis of privacy policy text with GDPR article 13;"Liu S.; Zhao B.; Guo R.; Meng G.; Zhang F.; Zhang M.";YES;no source code analysis/generation;;2021;The Web Conference 2021 - Proceedings of the World Wide Web Conference, WWW 2021;;;;2154;2164;10;20;10.1145/3442381.3450022;https://www.scopus.com/inward/record.uri?eid=2-s2.0-85107924517&doi=10.1145%2f3442381.3450022&partnerID=40&md5=8d05d9fd0458e00dca89847891a84d39;English;Conference paper;Final;;Scopus;2-s2.0-85107924517
Development of a web-resources testing system for compliance with GDPR regulation;"Amanzholova S.; Sagymbekova A.; Akhmetova D.";YES;low quality;;2021;ACM International Conference Proceeding Series;;;3492661;;;;0;10.1145/3492547.3492661;https://www.scopus.com/inward/record.uri?eid=2-s2.0-85122004464&doi=10.1145%2f3492547.3492661&partnerID=40&md5=3cd2be0ce4b0f350aafb733f9f8d22e2;English;Conference paper;Final;;Scopus;2-s2.0-85122004464
Automated Analysis of Pakistani Websites' Compliance with GDPR and Pakistan Data Protection Act;"Asif M.; Javed Y.; Hussain M.";YES;low quality;;2021;Proceedings - 2021 International Conference on Frontiers of Information Technology, FIT 2021;;;;234;239;5;5;10.1109/FIT53504.2021.00051;https://www.scopus.com/inward/record.uri?eid=2-s2.0-85127009621&doi=10.1109%2fFIT53504.2021.00051&partnerID=40&md5=0f6ee065f6531560d8087851ace149ec;English;Conference paper;Final;;Scopus;2-s2.0-85127009621
A Framework for Scanning Privacy Information based on Static Analysis;"Zhao Y.; Yi G.; Liu F.; Hui Z.; Zhao J.";;;analyze;2022;IEEE International Conference on Software Quality, Reliability and Security, QRS;2022-December;;;1135;1145;10;0;10.1109/QRS57517.2022.00116;https://www.scopus.com/inward/record.uri?eid=2-s2.0-85151476433&doi=10.1109%2fQRS57517.2022.00116&partnerID=40&md5=2943a588446bc352c69933396f250d22;English;Conference paper;Final;;Scopus;2-s2.0-85151476433
A GDPR-Compliant Framework for IoT-Based Personal Health Records Using Blockchain;"Alamri B.; Javed I.T.; Margaria T.";YES;Architectural Level;;2021;2021 11th IFIP International Conference on New Technologies, Mobility and Security, NTMS 2021;;;9432661;;;;23;10.1109/NTMS49979.2021.9432661;https://www.scopus.com/inward/record.uri?eid=2-s2.0-85107330416&doi=10.1109%2fNTMS49979.2021.9432661&partnerID=40&md5=058e5512d44047ac973163b7ffccf228;English;Conference paper;Final;;Scopus;2-s2.0-85107330416
NL2GDPR: Auto4matically Develop GDPR Compliant Android Application Features from Natural Language;"Shezan F.H.; Lao Y.; Peng M.; Wang X.; Sun M.; Li P.";YES;no source code analysis/generation;;2022;2022 IEEE Conference on Communications and Network Security, CNS 2022;2022-January;;;;;;0;10.1109/CNS56114.2022.10273858;https://www.scopus.com/inward/record.uri?eid=2-s2.0-85174811687&doi=10.1109%2fCNS56114.2022.10273858&partnerID=40&md5=89d7af3273ad015eb095870a777b867f;English;Conference paper;Final;"All Open Access; Green Open Access";Scopus;2-s2.0-85174811687
Demo Abstract: PARROT: Privacy by Design Tool for Internet of Things;"Alhirabi N.; Rana O.; Perera C.";YES;Architectural Level;;2022;Proceedings - 7th ACM/IEEE Conference on Internet of Things Design and Implementation, IoTDI 2022;;;;107;108;1;2;10.1109/IoTDI54339.2022.00023;https://www.scopus.com/inward/record.uri?eid=2-s2.0-85134166921&doi=10.1109%2fIoTDI54339.2022.00023&partnerID=40&md5=ca9ea993ea5a13ae4ad7ef703140918b;English;Conference paper;Final;"All Open Access; Green Open Access";Scopus;2-s2.0-85134166921
Privacy-aware linked widgets;"Fernandez J.D.; Ekaputra F.J.; Aryan P.R.; Kiesling E.; Azzam A.";YES;no source code analysis/generation;;2019;The Web Conference 2019 - Companion of the World Wide Web Conference, WWW 2019;;;;508;514;6;1;10.1145/3308560.3317591;https://www.scopus.com/inward/record.uri?eid=2-s2.0-85066890179&doi=10.1145%2f3308560.3317591&partnerID=40&md5=88b6d944fe8e347a7a3382b48cfbea46;English;Conference paper;Final;"All Open Access; Green Open Access";Scopus;2-s2.0-85066890179
Framework for Managing the New General Data Protection Regulation Related Claims;"Bouslama S.; Bhar Layeb S.; Chaouachi J.";YES;no source code analysis/generation;;2020;Smart Innovation, Systems and Technologies;146;;;14;23;9;2;10.1007/978-3-030-21005-2_2;https://www.scopus.com/inward/record.uri?eid=2-s2.0-85069449125&doi=10.1007%2f978-3-030-21005-2_2&partnerID=40&md5=086f5cf5d431a060578862a0e10e3547;English;Conference paper;Final;;Scopus;2-s2.0-85069449125
Transparency Enhancing Tools and the GDPR: Do They Match?;"Spagnuelo D.; Ferreira A.; Lenzini G.";YES;no source code analysis/generation;;2020;Communications in Computer and Information Science;1221 CCIS;;;162;185;23;2;10.1007/978-3-030-49443-8_8;https://www.scopus.com/inward/record.uri?eid=2-s2.0-85088257175&doi=10.1007%2f978-3-030-49443-8_8&partnerID=40&md5=9e533eaa594e838755f29c0274275606;English;Conference paper;Final;;Scopus;2-s2.0-85088257175
Annotation-based static analysis for personal data protection;"Hjerppe K.; Ruohonen J.; Leppänen V.";;;analyze;2020;IFIP Advances in Information and Communication Technology;576 LNCS;;;343;358;15;7;10.1007/978-3-030-42504-3_22;https://www.scopus.com/inward/record.uri?eid=2-s2.0-85082402317&doi=10.1007%2f978-3-030-42504-3_22&partnerID=40&md5=d2b384f737b1ac9daf1aeb426fe39f93;English;Conference paper;Final;"All Open Access; Green Open Access";Scopus;2-s2.0-85082402317
A Framework for GDPR Compliance in Big Data Systems;"Rhahla M.; Allegue S.; Abdellatif T.";YES;Architectural Level;;2020;Lecture Notes in Computer Science (including subseries Lecture Notes in Artificial Intelligence and Lecture Notes in Bioinformatics);12026 LNCS;;;211;226;15;4;10.1007/978-3-030-41568-6_14;https://www.scopus.com/inward/record.uri?eid=2-s2.0-85082119493&doi=10.1007%2f978-3-030-41568-6_14&partnerID=40&md5=6ad875f6a32112b985ffba3f5323d6b4;English;Conference paper;Final;;Scopus;2-s2.0-85082119493
Using NLP and machine learning to detect data privacy violations;"Silva P.; Goncalves C.; Godinho C.; Antunes N.; Curado M.";YES;no source code analysis/generation;;2020;IEEE INFOCOM 2020 - IEEE Conference on Computer Communications Workshops, INFOCOM WKSHPS 2020;;;9162683;972;977;5;14;10.1109/INFOCOMWKSHPS50562.2020.9162683;https://www.scopus.com/inward/record.uri?eid=2-s2.0-85091537231&doi=10.1109%2fINFOCOMWKSHPS50562.2020.9162683&partnerID=40&md5=c19865b72371ddb67e3b4ffec318f7a2;English;Conference paper;Final;"All Open Access; Green Open Access";Scopus;2-s2.0-85091537231
Towards GDPR Compliant Software Design: A Formal Framework for Analyzing System Models;"Vanezi E.; Kouzapas D.; Kapitsaki G.M.; Philippou A.";YES;Architectural Level;;2020;Communications in Computer and Information Science;1172 CCIS;;;135;162;27;1;10.1007/978-3-030-40223-5_7;https://www.scopus.com/inward/record.uri?eid=2-s2.0-85080901497&doi=10.1007%2f978-3-030-40223-5_7&partnerID=40&md5=b04af228388b514d73086f46b888da99;English;Conference paper;Final;;Scopus;2-s2.0-85080901497
Tool-assisted risk analysis for data protection impact assessment;"Dashti S.; Ranise S.";YES;no source code analysis/generation;;2020;IFIP Advances in Information and Communication Technology;576 LNCS;;;308;324;16;2;10.1007/978-3-030-42504-3_20;https://www.scopus.com/inward/record.uri?eid=2-s2.0-85082392898&doi=10.1007%2f978-3-030-42504-3_20&partnerID=40&md5=56ff7a941e55416beb8fa002b4c7b648;English;Conference paper;Final;"All Open Access; Green Open Access";Scopus;2-s2.0-85082392898
Assisted generation of privacy policies using textual patterns;"Mohammadi N.G.; Leicht J.; Goeke L.; Heisel M.";YES;no source code analysis/generation;;2020;ENASE 2020 - Proceedings of the 15th International Conference on Evaluation of Novel Approaches to Software Engineering;;;;347;358;11;3;;https://www.scopus.com/inward/record.uri?eid=2-s2.0-85088401805&partnerID=40&md5=3318c7eee2b71e56d272ee71fe989c77;English;Conference paper;Final;;Scopus;2-s2.0-85088401805
Privacy risk assessment for data subject-aware threat modeling;"Sion L.; Van Landuyt D.; Wuyts K.; Joosen W.";YES;no source code analysis/generation;;2019;Proceedings - 2019 IEEE Symposium on Security and Privacy Workshops, SPW 2019;;;8844608;64;71;7;21;10.1109/SPW.2019.00023;https://www.scopus.com/inward/record.uri?eid=2-s2.0-85073162998&doi=10.1109%2fSPW.2019.00023&partnerID=40&md5=cbd28287996ac3ac9fbf13636d0bea4c;English;Conference paper;Final;"All Open Access; Bronze Open Access; Green Open Access";Scopus;2-s2.0-85073162998
Privacy Preserving Intrusion Detection Via Homomorphic Encryption;"Coppolino L.; D'Antonio S.; Mazzeo G.; Romano L.; Sgaglione L.; Cotroneo D.; Scognamiglio A.";YES;Architectural Level;;2019;Proceedings - 2019 IEEE 28th International Conference on Enabling Technologies: Infrastructure for Collaborative Enterprises, WETICE 2019;;;8795419;321;326;5;12;10.1109/WETICE.2019.00073;https://www.scopus.com/inward/record.uri?eid=2-s2.0-85071677936&doi=10.1109%2fWETICE.2019.00073&partnerID=40&md5=66d9e4b1c6a26459cf3ce63abb8d5b7b;English;Conference paper;Final;"All Open Access; Green Open Access";Scopus;2-s2.0-85071677936
Automating GDPR compliance verification for cloud-hosted services;"Barati M.; Theodorakopoulos G.; Rana O.";YES;no source code analysis/generation;;2020;2020 International Symposium on Networks, Computers and Communications, ISNCC 2020;;;9297309;;;;5;10.1109/ISNCC49221.2020.9297309;https://www.scopus.com/inward/record.uri?eid=2-s2.0-85099577861&doi=10.1109%2fISNCC49221.2020.9297309&partnerID=40&md5=6154b9048c0e9f035c293d37ecab171b;English;Conference paper;Final;"All Open Access; Green Open Access";Scopus;2-s2.0-85099577861
DiálogoP - A Language and a Graphical Tool for Formally Defining GDPR Purposes;"Vanezi E.; Kapitsaki G.M.; Kouzapas D.; Philippou A.; Papadopoulos G.A.";YES;no source code analysis/generation;;2020;Lecture Notes in Business Information Processing;385 LNBIP;;;569;575;6;6;10.1007/978-3-030-50316-1_40;https://www.scopus.com/inward/record.uri?eid=2-s2.0-85087758764&doi=10.1007%2f978-3-030-50316-1_40&partnerID=40&md5=2ef7ec684e255cce0ac2cfa40084f916;English;Conference paper;Final;;Scopus;2-s2.0-85087758764
Static analysis for GDPR compliance;"Ferrara P.; Spoto F.";;;analyze;2018;CEUR Workshop Proceedings;2058;;;;;;11;;https://www.scopus.com/inward/record.uri?eid=2-s2.0-85042422575&partnerID=40&md5=858bf9bab2e7349ca4980b815328f6fc;English;Conference paper;Final;;Scopus;2-s2.0-85042422575
GDPR compliance tools for internet of things deployments;"Pacheco Huamani A.M.; Ziegler S.";YES;no source code analysis/generation;;2019;Internet of Things;;;;119;128;9;1;10.1007/978-3-030-04984-3_8;https://www.scopus.com/inward/record.uri?eid=2-s2.0-85064757566&doi=10.1007%2f978-3-030-04984-3_8&partnerID=40&md5=53766d1910100440d86b98b513fca92b;English;Book chapter;Final;;Scopus;2-s2.0-85064757566
A GDPR-compliant approach to real-time processing of sensitive data;"Sgaglione L.; Mazzeo G.";YES;no source code analysis/generation;;2019;Smart Innovation, Systems and Technologies;98;;;43;52;9;4;10.1007/978-3-319-92231-7_5;https://www.scopus.com/inward/record.uri?eid=2-s2.0-85049014514&doi=10.1007%2f978-3-319-92231-7_5&partnerID=40&md5=89f8cb203142e044394002822db5285a;English;Conference paper;Final;"All Open Access; Green Open Access";Scopus;2-s2.0-85049014514
Tailoring taint analysis to GDPR;"Ferrara P.; Olivieri L.; Spoto F.";YES;no source code analysis/generation;;2018;Lecture Notes in Computer Science (including subseries Lecture Notes in Artificial Intelligence and Lecture Notes in Bioinformatics);11079 LNCS;;;63;76;13;9;10.1007/978-3-030-02547-2_4;https://www.scopus.com/inward/record.uri?eid=2-s2.0-85059660800&doi=10.1007%2f978-3-030-02547-2_4&partnerID=40&md5=1ca8b524c76c11a50e8a6d8a4c95df87;English;Conference paper;Final;;Scopus;2-s2.0-85059660800
Automated legal compliance checking by security policy analysis;"Ranise S.; Siswantoro H.";YES;no source code analysis/generation;;2017;Lecture Notes in Computer Science (including subseries Lecture Notes in Artificial Intelligence and Lecture Notes in Bioinformatics);10489 LNCS;;;361;372;11;17;10.1007/978-3-319-66284-8_30;https://www.scopus.com/inward/record.uri?eid=2-s2.0-85029530866&doi=10.1007%2f978-3-319-66284-8_30&partnerID=40&md5=ec24e7d941d02a12e3807891dadb4da7;English;Conference paper;Final;;Scopus;2-s2.0-85029530866
Automatic assessment of website compliance to the european cookie law with CooLCheck;"Carpineto C.; Re D.L.; Romano G.";YES;no source code analysis/generation;;2016;WPES 2016 - Proceedings of the 2016 ACM Workshop on Privacy in the Electronic Society, co-located with CCS 2016;;;;135;138;3;5;10.1145/2994620.2994622;https://www.scopus.com/inward/record.uri?eid=2-s2.0-84999014722&doi=10.1145%2f2994620.2994622&partnerID=40&md5=29ba155108f3e1cbf1eb7565582095c7;English;Conference paper;Final;;Scopus;2-s2.0-84999014722
Privacyguide: Towards an implementation of the EU GDPR on internet privacy policy evaluation;"Tesfay W.B.; Hofmann P.; Nakamura T.; Kiyomoto S.; Serna J.";YES;no source code analysis/generation;;2018;IWSPA 2018 - Proceedings of the 4th ACM International Workshop on Security and Privacy Analytics, Co-located with CODASPY 2018;2018-January;;;15;21;6;93;10.1145/3180445.3180447;https://www.scopus.com/inward/record.uri?eid=2-s2.0-85049882759&doi=10.1145%2f3180445.3180447&partnerID=40&md5=5a5f34a329641e7d1320cdc668b41e56;English;Conference paper;Final;"All Open Access; Bronze Open Access";Scopus;2-s2.0-85049882759